video_id,title,description,published_at,channel_id,channel_title,tags,category_id,default_language,default_audio_language,thumbnail,duration,definition,caption,licensed_content,view_count,like_count,favorite_count,comment_count,topic_categories,privacy_status,upload_status,embeddable,public_stats_viewable,video_url
mYHM3AxP380,FABRICBOT ECOSYSTEM Live Stream,,2026-05-04T03:21:23Z,UChfXAY6jz5VoOVXrr88xsPg,FABRICBOT ECOSYSTEM,,22,en,en,https://i.ytimg.com/vi/mYHM3AxP380/sddefault_live.jpg,P0D,sd,false,False,0,0,0,0,,public,uploaded,True,True,https://www.youtube.com/watch?v=mYHM3AxP380
iMm6dSuvPc4,THE TON AIRDROP I BELIEVE IN — MY TOKEN LAUNCH JOURNEY,"Most crypto projects start with a token and hope the product catches up. We’re doing the reverse on purpose: product first, coverage first, community first — and crowdfunding as the cleanest reality test before any ICO narrative takes over. Because what you actually need isn’t airdrop hunters — it’s dedicated people, real distribution, and real usage.

In this video I explain the “ICO on TON” plan behind Fabricbot: why coverage is the moat (merchants installing the button, partners driving CPA, real checkout throughput), why crowdfunding beats speculation at the early stage, and how a token only makes sense later as a coordination layer tied to real transactions — not as a substitute for revenue.

🚀 Join our ICO program and learn more about our Web3 product here: https://ico.fabricbot.tech

Get our help with telegram app development: http://t.me/fabricbotbot

Twitter (X): https://x.com/kirillfbc
Telegram channel: https://t.me/kirilldigitalshamanism
Direct contact: https://t.me/kirbudilov

Our channel is dedicated to Web3, Telegram technologies, AI agents, and future digital ecosystems. I’m an active part of the TON community, and here I share insights, experiments, and practical tools that combine blockchain with artificial intelligence to build the next generation of applications.

My automation templates and workflow here: https://tr.ee/GIrtJf

I am also growing my YouTube channel with the help of https://trendvi.media — check it out for even more content

#AI #Telegram #Web3 #TON #Blockchain",2026-01-28T20:36:08Z,UChfXAY6jz5VoOVXrr88xsPg,FABRICBOT ECOSYSTEM,ton | toncoin | ton blockchain | ton ecosystem | telegram | telegram wallet | web3 | crypto | cryptocurrency | ico | token | token launch | tokenomics | crowdfunding | startup | fintech | affiliate marketing | cpa marketing | marketing | airdrop | open api | webhooks | saas | digital products | launchpad | solana,22,en,en,https://i.ytimg.com/vi/iMm6dSuvPc4/maxresdefault.jpg,PT6M12S,hd,false,False,16,2,0,0,https://en.wikipedia.org/wiki/Business,public,processed,True,True,https://www.youtube.com/watch?v=iMm6dSuvPc4
s1SxJDs2mvY,TELEGRAM CHECKOUT FOR WEBSITE ON TON — WHY IT WINS,"Payments aren’t a “feature” — they’re the moment a user either becomes a customer… or disappears. Telegram is where attention already lives, but the second checkout leaves Telegram, the flow turns old-school: redirects, extra steps, unfamiliar UX — and you get a silent conversion leak.

In this video I explain what I’m building with Fabricbot: a TON-powered commerce stack that brings a “Pay with Telegram Wallet” button to any website/app, with a real merchant layer behind it (orders, statuses, webhooks, analytics) plus CPA/referrals built into checkout. It’s not “accept crypto” — it’s Telegram-native conversion + growth infrastructure.

🚀 Join our ICO program and learn more about our Web3 product here: https://ico.fabricbot.tech

Get our help with telegram app development: http://t.me/fabricbotbot

Twitter (X): https://x.com/kirillfbc
Telegram channel: https://t.me/kirilldigitalshamanism
Direct contact: https://t.me/kirbudilov

Our channel is dedicated to Web3, Telegram technologies, AI agents, and future digital ecosystems. I’m an active part of the TON community, and here I share insights, experiments, and practical tools that combine blockchain with artificial intelligence to build the next generation of applications.

My automation templates and workflow here: https://tr.ee/GIrtJf

I am also growing my YouTube channel with the help of https://trendvi.media — check it out for even more content

#AI #Telegram #Web3 #TON #Blockchain",2026-01-28T17:29:56Z,UChfXAY6jz5VoOVXrr88xsPg,FABRICBOT ECOSYSTEM,telegram | telegram wallet | ton | toncoin | ton blockchain | web3 | crypto | cryptocurrency | crypto payments | telegram native | digital products | saas | affiliate marketing | cpa marketing | api | telegram mini apps | online store | blockchain | digital money | money | online business | telegram apps | application,22,en,en,https://i.ytimg.com/vi/s1SxJDs2mvY/maxresdefault.jpg,PT8M52S,hd,false,False,48,3,0,0,https://en.wikipedia.org/wiki/Business,public,processed,True,True,https://www.youtube.com/watch?v=s1SxJDs2mvY
kPvHpyURTnw,5 WOW TELEGRAM SHIFTS THAT CHANGED EVERYTHING IN 2025,"Telegram didn’t just ship “updates” — it quietly changed direction. Over the last 12 months, it started collapsing steps that used to require multiple tools into native primitives: content, monetization, discovery, security, and product experiences — all inside one environment. In 2025 alone, Telegram shipped 75+ features across 13 major updates, but the real story is what those features add up to.

In this video I break down the 5 shifts that matter most: in-app monetization loops, Mini Apps evolving into a real app layer, search/discovery turning Telegram into a network, security upgrades for higher-stakes usage, and the Telegram-native AI layer that hints at an “AI cocoon” strategy. If you still think Telegram is “just a messenger,” you’re missing what it’s becoming.

🚀 Join our ICO program and learn more about our Web3 product here: https://ico.fabricbot.tech

Get our help with telegram app development: http://t.me/fabricbotbot

Twitter (X): https://x.com/kirillfbc
Telegram channel: https://t.me/kirilldigitalshamanism
Direct contact: https://t.me/kirbudilov

Our channel is dedicated to Web3, Telegram technologies, AI agents, and future digital ecosystems. I’m an active part of the TON community, and here I share insights, experiments, and practical tools that combine blockchain with artificial intelligence to build the next generation of applications.

My automation templates and workflow here: https://tr.ee/GIrtJf

I am also growing my YouTube channel with the help of https://trendvi.media — check it out for even more content

#AI #Telegram #Web3 #TON #Blockchain",2026-01-22T13:25:01Z,UChfXAY6jz5VoOVXrr88xsPg,FABRICBOT ECOSYSTEM,telegram | telegram news | telegram features | tech | tech news | ai | artificial intelligence | telegram ai | mini apps | telegram mini apps | telegram bots | automation | ton | toncoin | crypto | cryptocurrency | web3 | cocoon | telegram cocoon | startups | app | applications | saas | ai automation | social medias,22,en,en,https://i.ytimg.com/vi/kPvHpyURTnw/maxresdefault.jpg,PT6M19S,hd,false,False,11,1,0,0,https://en.wikipedia.org/wiki/Technology,public,processed,True,True,https://www.youtube.com/watch?v=kPvHpyURTnw
MI_2ueSEOqQ,NEVER INVEST IN CLICKER CRYPTO GAMES (HERE’S WHY),"Telegram didn’t “suddenly become a gaming platform” by accident. Farming/clicker games exploded because Telegram quietly assembled the perfect stack: Mini Apps + frictionless onboarding + built-in social distribution + ultra-fast iteration cycles — and a Web3 layer that doesn’t feel like Web3.

But here’s the twist: most farming games aren’t games. They’re attention funnels designed to acquire massive, cheap, highly engaged audiences — then monetize expectations via tokens, boosts, and hype-driven loops. In this video I break down the mechanics, the business model, the psychological hooks, and what will happen next — because the long-term winners won’t be the 100th clicker, but the projects that build real utility beyond hype.

🚀 Join our ICO program and learn more about our Web3 product here: https://ico.fabricbot.tech

Get our help with telegram app development: http://t.me/fabricbotbot

Twitter (X): https://x.com/kirillfbc
Telegram channel: https://t.me/kirilldigitalshamanism
Direct contact: https://t.me/kirbudilov

Our channel is dedicated to Web3, Telegram technologies, AI agents, and future digital ecosystems. I’m an active part of the TON community, and here I share insights, experiments, and practical tools that combine blockchain with artificial intelligence to build the next generation of applications.

My automation templates and workflow here: https://tr.ee/GIrtJf

I am also growing my YouTube channel with the help of https://trendvi.media — check it out for even more content

#AI #Telegram #Web3 #TON #Blockchain",2026-01-21T21:11:58Z,UChfXAY6jz5VoOVXrr88xsPg,FABRICBOT ECOSYSTEM,telegram | telegram mini apps | telegram games | crypto games | ai | web3 | cryptocurrency | crypto | ton | toncoin | tap to earn | clicker game | farming game | airdrop | play to earn | gamefi | token | mobile gaming | blockchain gaming | web app | telegram wallet | ton ecosystem | fabricbot | fabricbot ecosystem | viral,22,en,en,https://i.ytimg.com/vi/MI_2ueSEOqQ/maxresdefault.jpg,PT8M11S,hd,false,False,11,1,0,0,,public,processed,True,True,https://www.youtube.com/watch?v=MI_2ueSEOqQ
tvQP8CASBII,AI BUBBLE IS COMING — BUT TELEGRAM COCOON PLAYS A DIFFERENT ECONOMIC GAME,"The AI bubble isn’t about “AI is useless” — it’s about economics. A lot of the boom looks like a land grab: massive GPU spending now, unclear revenue later. The risk is simple: the CapEx curve is obvious, but the monetization curve is still foggy — which is why “AI bubble” takes keep spreading.

🚀 Join our ICO program and learn more about our Web3 product here: https://ico.fabricbot.tech

Get our help with telegram app development: http://t.me/fabricbotbot

Telegram Cocoon hints at a different model. Instead of one company buying all the compute and eating the cloud bill, Telegram can route demand into a network and let participants supply GPUs, turning AI into a marketplace layer inside Telegram. If that’s real, it changes the game: better cost structure, real price discovery, and a distribution → demand → supply flywheel — plus a path for privacy-leaning, Telegram-native AI products.

Twitter (X): https://x.com/kirillfbc
Telegram channel: https://t.me/kirilldigitalshamanism
Direct contact: https://t.me/kirbudilov

Step by step, I show how “native AI” changes user behavior (attention → understanding in one tap), turns content into something programmable (posts become triggers, not endpoints), and upgrades Telegram from “messaging” into an execution environment. Finally, I unpack the scary part: once summaries become the default interface, the platform starts mediating perception — and the cocoon can protect you, but it can also wrap you.

Our channel is dedicated to Web3, Telegram technologies, AI agents, and future digital ecosystems. I’m an active part of the TON community, and here I share insights, experiments, and practical tools that combine blockchain with artificial intelligence to build the next generation of applications.

My automation templates and workflow here: https://tr.ee/GIrtJf

I am also growing my YouTube channel with the help of https://trendvi.media — check it out for even more content

#AI #Telegram #Web3 #TON #Blockchain",2026-01-17T01:01:25Z,UChfXAY6jz5VoOVXrr88xsPg,FABRICBOT ECOSYSTEM,telegram | ai | artificial intelligence | ai bubble | tech | tech news | economics | economy | investing | ai investing | ai startups | venture capital | funding | capex | profitability | unit economics | ai infrastructure | compute market | ai market | ai economy | gpu | gpu market | data centers | cloud costs | energy | scalability | privacy | encryption | decentralized | network | crypto | cryptocurrency | blockchain | web3 | ton | toncoin | telegram cocoon | cocoon | market crash | bubble burst | big tech,22,en,en,https://i.ytimg.com/vi/tvQP8CASBII/maxresdefault.jpg,PT8M11S,hd,false,False,49,1,0,0,,public,processed,True,True,https://www.youtube.com/watch?v=tvQP8CASBII
OjfuCH2jeEk,TELEGRAM COCOON: THE UPDATE THAT CHANGES THE AI GAME,"In this video, I break down Telegram’s “AI cocoon” — why it exists, what it signals, and why it’s both exciting and unsettling. I explain what Telegram actually launched (AI summaries for long channel posts and Instant View), then zoom out to the deeper story: Telegram is testing an AI layer that lives inside the app — with a privacy-first posture, encrypted requests, and an infrastructure narrative built around Cocoon’s decentralized compute. 

🚀 Join our ICO program and learn more about our Web3 product here: https://ico.fabricbot.tech

Get our help with telegram app development: http://t.me/fabricbotbot

Twitter (X): https://x.com/kirillfbc
Telegram channel: https://t.me/kirilldigitalshamanism
Direct contact: https://t.me/kirbudilov

Step by step, I show how “native AI” changes user behavior (attention → understanding in one tap), turns content into something programmable (posts become triggers, not endpoints), and upgrades Telegram from “messaging” into an execution environment. Finally, I unpack the scary part: once summaries become the default interface, the platform starts mediating perception — and the cocoon can protect you, but it can also wrap you.

Our channel is dedicated to Web3, Telegram technologies, AI agents, and future digital ecosystems. I’m an active part of the TON community, and here I share insights, experiments, and practical tools that combine blockchain with artificial intelligence to build the next generation of applications.

My automation templates and workflow here: https://tr.ee/GIrtJf

I am also growing my YouTube channel with the help of https://trendvi.media — check it out for even more content

#AI #Telegram #Web3 #TON #Blockchain",2026-01-16T18:00:33Z,UChfXAY6jz5VoOVXrr88xsPg,FABRICBOT ECOSYSTEM,telegram | ai | artificial intelligence | chatgpt | openai | tech | tech news | privacy | encryption | machine learning | messenger | social media | ai cocoon | cocoon | telegram ai | cryptocurrency | ton | toncoin | blockchain | web3 | Cocoon network | pavel durov | durov telegram | cocoon telegram | telegram features,22,en,en,https://i.ytimg.com/vi/OjfuCH2jeEk/maxresdefault.jpg,PT10M17S,hd,false,False,290,7,0,3,,public,processed,True,True,https://www.youtube.com/watch?v=OjfuCH2jeEk
LlT1lgHVUfY,WHY 2026 WILL BE THE DEFINING YEAR FOR TON BLOCKCHAIN,"In this video, I explain how smart contracts in TON actually work — not on a surface level, but at the architectural level. I break down TON’s execution model, how contracts interact with each other, how messages, state, and logic are handled, and why this design is fundamentally different from what most developers are used to. Step by step, I show how TON smart contracts were built for high-load, asynchronous systems from day one — and why understanding this changes how you think about scalability, reliability, and real-world use cases.

🚀 Join our ICO program and learn more about our Web3 product here: http://t.me/fabricbotbot

Twitter (X): https://x.com/kirillfbc
Telegram channel: https://t.me/kirilldigitalshamanism
Direct contact: https://t.me/kirbudilov

Our channel is dedicated to Web3, Telegram technologies, AI agents, and future digital ecosystems. I’m an active part of the TON community, and here I share insights, experiments, and practical tools that combine blockchain with artificial intelligence to build the next generation of applications.

My automation templates and workflow here: https://tr.ee/GIrtJf

I am also growing my YouTube channel with the help of https://trendvi.media — check it out for even more content

#AI #Telegram #Web3 #TON #Blockchain",2026-01-03T20:15:00Z,UChfXAY6jz5VoOVXrr88xsPg,FABRICBOT ECOSYSTEM,TON | Toncoin | TON blockchain | TON smart contracts | Telegram TON | Telegram blockchain | Web3 | Web3 crypto | blockchain | crypto | smart contracts | crypto development | blockchain technology | Web3 development | crypto explained | crypto for beginners | blockchain explained | Telegram ecosystem | decentralized applications | crypto future,22,en,en,https://i.ytimg.com/vi/LlT1lgHVUfY/maxresdefault.jpg,PT15M20S,hd,false,False,29,1,0,0,,public,processed,True,True,https://www.youtube.com/watch?v=LlT1lgHVUfY
9dED-fqFDec,TON ISN’T HYPE: WHY TELEGRAM IS STRUCTURALLY BETTER FOR CRYPTO,"In this video, I explain why I believe TON has a real advantage over Ethereum — not from hype, but from how the technology is actually built and used. Step by step, I break down the key architectural differences between TON and ETH, how smart contracts work in both ecosystems, and why TON’s design choices matter in real-world adoption. I also explain why many developers and users underestimate TON, and which mental shortcuts make Ethereum look “safer” by default.

🚀 Join our ICO program and learn more about our Web3 product here: http://t.me/fabricbotbot

Twitter (X): https://x.com/kirillfbc
Telegram channel: https://t.me/kirilldigitalshamanism
Direct contact: https://t.me/kirbudilov

Our channel is dedicated to Web3, Telegram technologies, AI agents, and future digital ecosystems. I’m an active part of the TON community, and here I share insights, experiments, and practical tools that combine blockchain with artificial intelligence to build the next generation of applications.

My automation templates and workflow here: https://tr.ee/GIrtJf

I am also growing my YouTube channel with the help of https://trendvi.media — check it out for even more content

#AI #Telegram #Web3 #TON #Blockchain",2025-12-24T13:52:56Z,UChfXAY6jz5VoOVXrr88xsPg,FABRICBOT ECOSYSTEM,crypto | cryptocurrency | ton | blockchain | telegram | telegram crypto | web3 | toncoin | digital money | cbdc | finance | the open network | ton ecosystem | blockchain adoption | crypto education | solana | solana token | token 2049,22,en,zh,https://i.ytimg.com/vi/9dED-fqFDec/maxresdefault.jpg,PT12M13S,hd,false,False,6,0,0,0,,public,processed,True,True,https://www.youtube.com/watch?v=9dED-fqFDec
eKhBV6WG65E,WHY TON MIGHT BEAT CRYPTO PROJECTS - HIDDEN POWER OF TELEGRAM,"In this video, I explain why I believe TON has a real advantage over Ethereum — not from hype, but from how the technology is actually built and used. Step by step, I break down the key architectural differences between TON and ETH, how smart contracts work in both ecosystems, and why TON’s design choices matter in real-world adoption. I also explain why many developers and users underestimate TON, and which mental shortcuts make Ethereum look “safer” by default.

🚀 Join our ICO program and learn more about our Web3 product here: http://t.me/fabricbotbot

Twitter (X): https://x.com/kirillfbc
Telegram channel: https://t.me/kirilldigitalshamanism
Direct contact: https://t.me/kirbudilov

Our channel is dedicated to Web3, Telegram technologies, AI agents, and future digital ecosystems. I’m an active part of the TON community, and here I share insights, experiments, and practical tools that combine blockchain with artificial intelligence to build the next generation of applications.

My automation templates and workflow here: https://tr.ee/GIrtJf

I am also growing my YouTube channel with the help of https://trendvi.media — check it out for even more content

#AI #Telegram #Web3 #TON #Blockchain",2025-12-23T19:00:48Z,UChfXAY6jz5VoOVXrr88xsPg,FABRICBOT ECOSYSTEM,crypto | cryptocurrency | ton | blockchain | telegram | telegram crypto | web3 | toncoin | digital money | cbdc | finance | the open network | ton ecosystem | blockchain adoption | crypto education,22,en,en,https://i.ytimg.com/vi/eKhBV6WG65E/maxresdefault.jpg,PT10M27S,hd,false,False,24,4,0,0,,public,processed,True,True,https://www.youtube.com/watch?v=eKhBV6WG65E
UCkeHt143Dk,WHAT NOBODY SAYS ABOUT CRYPTO & TOKENS,"In this video, I break down one of the biggest crypto scams in history to show why Web3 itself wasn’t the scam. Step by step, I explain how the scheme was engineered, why it looked legitimate even to smart people, and which psychological triggers were used to gain trust. By understanding how this scam actually worked, you’ll be able to separate real technology from manipulation — and avoid repeating the same mistakes.

🚀 Join our ICO program and learn more about our Web3 product here: http://t.me/fabricbotbot

Twitter (X): https://x.com/kirillfbc
Telegram channel: https://t.me/kirilldigitalshamanism
Direct contact: https://t.me/kirbudilov

Our channel is dedicated to Web3, Telegram technologies, AI agents, and future digital ecosystems. I’m an active part of the TON community, and here I share insights, experiments, and practical tools that combine blockchain with artificial intelligence to build the next generation of applications.

My automation templates and workflow here: https://tr.ee/GIrtJf

I am also growing my YouTube channel with the help of https://trendvi.media — check it out for even more content

#AI #Telegram #Web3 #TON #Blockchain",2025-12-22T19:15:02Z,UChfXAY6jz5VoOVXrr88xsPg,FABRICBOT ECOSYSTEM,web-3 | blockchain | crypto | cryptocurrency | token | token 2049 | crypto investing | scam | bticoin | ethereum | airdrop,22,en,en,https://i.ytimg.com/vi/UCkeHt143Dk/maxresdefault.jpg,PT18M38S,hd,false,False,64,1,0,0,,public,processed,True,True,https://www.youtube.com/watch?v=UCkeHt143Dk
s20S2jjiFKE,THE BIGGEST SCAM IN HISTORY AND WARNING SIGNS EVERYONE MISSED (CRYPTO),"In this video, I break down the biggest crypto scam in history and explain how it was able to deceive millions of people around the world. I walk through how the scheme was built, why it looked legitimate, and what psychological triggers were used to gain trust. We’ll look at the key warning signs that were ignored and the lessons this scam teaches about the risks of the crypto space. This video is about understanding how the largest crypto scam worked so you can recognize similar patterns and avoid becoming a victim.

🚀 Join our ICO program and learn more about our Web3 product here: http://t.me/fabricbotbot

Twitter (X): https://x.com/kirillfbc
Telegram channel: https://t.me/kirilldigitalshamanism
Direct contact: https://t.me/kirbudilov

Our channel is dedicated to Web3, Telegram technologies, AI agents, and future digital ecosystems. I’m an active part of the TON community, and here I share insights, experiments, and practical tools that combine blockchain with artificial intelligence to build the next generation of applications.

My automation templates and workflow here: https://tr.ee/GIrtJf

I am also growing my YouTube channel with the help of https://trendvi.media — check it out for even more content

#AI #Telegram #Web3 #TON #Blockchain",2025-12-21T19:27:22Z,UChfXAY6jz5VoOVXrr88xsPg,FABRICBOT ECOSYSTEM,crypto | cryptocurrency | scam | crypto scam | telegram | toncoin | blockchain | web3 | crypto news | bitcoin | digital money | economy,22,en,en,https://i.ytimg.com/vi/s20S2jjiFKE/maxresdefault.jpg,PT9M56S,hd,false,False,327,5,0,1,,public,processed,True,True,https://www.youtube.com/watch?v=s20S2jjiFKE
uaHSOvaazNg,TELEGRAM CRYPTO SCAMS ARE GETTING WORSE,"In this video, I break down why crypto scams on Telegram work so well and why so many people fall for them. I explain the psychology behind these scams, how scammers build trust, and what makes Telegram such a powerful tool for fraud. This video is about understanding the mechanics of Telegram crypto scams so you can recognize them early and avoid losing money.

🚀 Join our ICO program and learn more about our Web3 product here: http://t.me/fabricbotbot

Twitter (X): https://x.com/kirillfbc
Telegram channel: https://t.me/kirilldigitalshamanism
Direct contact: https://t.me/kirbudilov

Our channel is dedicated to Web3, Telegram technologies, AI agents, and future digital ecosystems. I’m an active part of the TON community, and here I share insights, experiments, and practical tools that combine blockchain with artificial intelligence to build the next generation of applications.

My automation templates and workflow here: https://tr.ee/GIrtJf

I am also growing my YouTube channel with the help of https://trendvi.media — check it out for even more content

#AI #Telegram #Web3 #TON #Blockchain",2025-12-20T21:28:54Z,UChfXAY6jz5VoOVXrr88xsPg,FABRICBOT ECOSYSTEM,telegram | crypto | scam | crypto scam | telegram scam | cryptocurrency | scam projects | online scams | crypto news | telegram bots crypto | crypto for beginners | web3 | crypto scams | telegram crypto scams | crypto fraud | how crypto scams work | scam exposed,22,en,en,https://i.ytimg.com/vi/uaHSOvaazNg/maxresdefault.jpg,PT15M26S,hd,false,False,63,3,0,0,,public,processed,True,True,https://www.youtube.com/watch?v=uaHSOvaazNg
XpiNq-xT1dA,THESE TELEGRAM MINI APPS CHANGED MY PERCEPTION OF TELEGRAM FOREVER,"In this video, I’ll walk you through some of the most impressive Telegram Mini Apps I’ve discovered, showing what they are, how they work, and why they’re so powerful. I’ll break down the most interesting and creative solutions I found — from smart utilities to full-featured business tools — and explain what makes them stand out. This video is all about exploring real examples of Telegram Mini Apps, understanding their potential, and sharing the ideas and inspiration that completely changed how I see Telegram as a platform.

🚀 Join our ICO program and learn more about our Web3 product here: http://t.me/fabricbotbot

Twitter (X): https://x.com/kirillfbc
Telegram channel: https://t.me/kirilldigitalshamanism
Direct contact: https://t.me/kirbudilov

Our channel is dedicated to Web3, Telegram technologies, AI agents, and future digital ecosystems. I’m an active part of the TON community, and here I share insights, experiments, and practical tools that combine blockchain with artificial intelligence to build the next generation of applications.

My automation templates and workflow here: https://tr.ee/GIrtJf

I am also growing my YouTube channel with the help of https://trendvi.media — check it out for even more content

#AI #Telegram #Web3 #TON #Blockchain",2025-12-18T19:31:01Z,UChfXAY6jz5VoOVXrr88xsPg,FABRICBOT ECOSYSTEM,telegram | tma | telegram mini app | app | application | mobile app | ton | ton blockchain | blockhain | telegram app | telegram mini apps | TMA | telegram web app | telegram bot | TON crypto | blockchain | web3 | web3 apps | saas | startup | automation | ai tools | online business | crypto | cryptocurrency | digital money | digital payments | crypto payments | defi | fintech | make money online | ai apps,22,en,en,https://i.ytimg.com/vi/XpiNq-xT1dA/maxresdefault.jpg,PT17M28S,hd,false,False,94,5,0,1,https://en.wikipedia.org/wiki/Technology,public,processed,True,True,https://www.youtube.com/watch?v=XpiNq-xT1dA
DHp41yVzzgY,CREATE AN AI-POWERED FULL TELEGRAM BUSINESS SETUP IN 5 MINUTES,"In this video, I’ll show you how to create a full AI-powered Telegram business setup in just 5 minutes, combining bots, automation, funnels, and smart AI agents into one seamless ecosystem. You’ll see how to build a complete operational system inside Telegram — from content automation to customer onboarding, sales flows, and even payment handling — without writing a single line of code. Using AI and no-code tools, you’ll learn how to launch a Telegram mini-app, automate your channel, build funnels, deploy sales bots, set up content pipelines, and integrate TON crypto payments in minutes. This fast and powerful setup is perfect for SaaS founders, Web3 builders, creators, digital entrepreneurs, and anyone who wants to run an entire business inside Telegram with AI doing the heavy lifting.

👋 Welcome to FABRICBOT — I’m the author of this product. We’re building a service that lets you launch your own referral system in just 60 seconds — directly inside Telegram — and accept crypto payments in TON. Simple, transparent, and designed for real growth.

🚀 Join our ICO program and learn more about our Web3 product here: http://t.me/fabricbotbot

Twitter (X): https://x.com/kirillfbc
Telegram channel: https://t.me/kirilldigitalshamanism
Direct contact: https://t.me/kirbudilov

Our channel is dedicated to Web3, Telegram technologies, AI agents, and future digital ecosystems. I’m an active part of the TON community, and here I share insights, experiments, and practical tools that combine blockchain with artificial intelligence to build the next generation of applications.

My automation templates and workflow here: https://tr.ee/GIrtJf

I am also growing my YouTube channel with the help of https://trendvi.media — check it out for even more content

#AI #Telegram #Web3 #TON #Blockchain",2025-11-19T14:46:32Z,UChfXAY6jz5VoOVXrr88xsPg,FABRICBOT ECOSYSTEM,telegram | telegram bot | tg bot | telegram automation | ai | ai agent | ai agents | ai automation | ai bot | aibot | chatgpt | automation | telegram business | telegram funnel | telegram mini app | tg mini app | web3 | ton | toncoin | blockchain | crypto | telegram crypto | saas | startup | digitalbusiness | nocode telegram | nocode bot | make.com | fabricbot | telegram growth | telegram app,22,en,en,https://i.ytimg.com/vi/DHp41yVzzgY/maxresdefault.jpg,PT4M57S,hd,false,False,22,3,0,1,,public,processed,True,True,https://www.youtube.com/watch?v=DHp41yVzzgY
eMaW8vY47gQ,IN THIS APP IN TELEGRAM YOU CAN LAUNCH REFERRAL SYSTEM FOR 5 MINUTES,"n this video, I’ll show you how to launch your own fully automated Telegram referral system in just 300 seconds using AI-powered tools. No coding, no complex integrations, and no developer required. You’ll learn how to build a viral growth loop that rewards users, collects leads, distributes bonuses, and drives organic traffic inside Telegram — all automatically. We’ll walk through how to use AI agents, Telegram bots, TON crypto payments, Web3 mechanics, and no-code automation to create a referral engine that grows your channel, sells your product, or scales your community. Whether you’re building SaaS, Web3, a digital product, or a content business, this fast setup gives you a complete Telegram growth system that runs 24/7 on autopilot.

👋 Welcome to FABRICBOT — I’m the author of this product. We’re building a service that lets you launch your own referral system in just 60 seconds — directly inside Telegram — and accept crypto payments in TON. Simple, transparent, and designed for real growth.

🚀 Join our program and learn more about our Web3 product here: http://t.me/fabricbotbot

Twitter (X): https://x.com/kirillfbc
Telegram channel: https://t.me/kirilldigitalshamanism
Direct contact: https://t.me/kirbudilov

Our channel is dedicated to Web3, Telegram technologies, AI agents, and future digital ecosystems. I’m an active part of the TON community, and here I share insights, experiments, and practical tools that combine blockchain with artificial intelligence to build the next generation of applications.

My automation templates and workflow here: https://tr.ee/GIrtJf

I am also growing my YouTube channel with the help of https://trendvi.media — check it out for even more content

#AI #Telegram #Web3 #TON #Blockchain",2025-11-19T14:40:01Z,UChfXAY6jz5VoOVXrr88xsPg,FABRICBOT ECOSYSTEM,telegram | telegram referral | referral system | referral program | telegram bot | tg bot | ai | ai automation | ai agent | ai agents | ai bot | aibot | chatgpt | telegram automation | web3 | ton | toncoin | blockchain | telegram crypto | crypto | automation | saas | startup | digitalbusiness | telegram mini app | tg mini app | nocode telegram | nocode bot | make.com | fabricbot | telegram growth | telegram marketing | telegram funnel,22,en,en,https://i.ytimg.com/vi/eMaW8vY47gQ/maxresdefault.jpg,PT4M53S,hd,false,False,15,2,0,0,,public,processed,True,True,https://www.youtube.com/watch?v=eMaW8vY47gQ
uPyvyafioqk,UNUSUAL TELEGRAM LEAD GENERATION HACKS (CHEAP & FAST),"In this video, I’ll show you unusual, overlooked, and highly effective ways to get low-cost leads from Telegram using AI automation and smart bot workflows. These methods work even if you don’t have a big audience or an existing channel — the key is understanding how to use Telegram’s native mechanics to attract users for pennies. No ads, no complicated setups, no technical experience required. You’ll learn how to combine AI agents, automated funnels, referral mechanics, behavioral triggers, and micro-incentives to generate leads fast and cheaply. These Telegram-native strategies are far more scalable than traditional ads — and with the right automation, they can run 24/7 without your participation. Perfect for SaaS, Web3, creators, startups, agencies, or anyone looking to build a profitable audience inside Telegram.

👋 Welcome to FABRICBOT — I’m the author of this product. We’re building a service that lets you launch your own referral system in just 60 seconds — directly inside Telegram — and accept crypto payments in TON. Simple, transparent, and designed for real growth.

🚀 Join our program and learn more about our Web3 product here: http://t.me/fabricbotbot

Twitter (X): https://x.com/kirillfbc
Telegram channel: https://t.me/kirilldigitalshamanism
Direct contact: https://t.me/kirbudilov

Our channel is dedicated to Web3, Telegram technologies, AI agents, and future digital ecosystems. I’m an active part of the TON community, and here I share insights, experiments, and practical tools that combine blockchain with artificial intelligence to build the next generation of applications.

My automation templates and workflow here: https://tr.ee/GIrtJf

I am also growing my YouTube channel with the help of https://trendvi.media — check it out for even more content

#AI #Telegram #Web3 #TON #Blockchain",2025-11-19T14:25:01Z,UChfXAY6jz5VoOVXrr88xsPg,FABRICBOT ECOSYSTEM,telegram | telegram leads | lead generation | telegram bot | tg bot | telegram automation | ai | ai automation | ai agent | ai agents | ai bot | aibot | chatgpt | telegram growth | telegram marketing | web3 | ton | toncoin | blockchain | automation | saas | startup | digitalbusiness | telegram mini app | tg mini app | crypto | telegram crypto | fabricbot | nocode bot | nocode telegram | make.com | telegram hacks | telegram funnel | telegram sales | cheap leads | low cost leads,22,en,ar,https://i.ytimg.com/vi/uPyvyafioqk/maxresdefault.jpg,PT4M46S,hd,false,False,17,2,0,0,,public,processed,True,True,https://www.youtube.com/watch?v=uPyvyafioqk
HCZMoH98ecc,3 AMAZING TELEGRAM SALES FUNNEL THAT YOU CAN CREATE BY 5 MINUTES,"In this video, I’ll show you three powerful Telegram sales funnels that you can build in just 5 minutes using AI-driven automation. These funnels work for digital products, coaching, services, Web3 projects, and even community monetization — all inside Telegram. No coding, no design headaches, and no complicated setup. Just pure, fast, conversion-focused automation.

You’ll see how to create AI-powered onboarding flows, auto-selling bots, content-driven nurture funnels, and instant offer delivery systems that work 24/7. With these ready-to-deploy templates, you can automate lead generation, sales, follow-ups, content distribution, and even payment collection — all without leaving Telegram. This is the fastest way to launch a fully automated Telegram sales ecosystem in minutes.

👋 Welcome to FABRICBOT — I’m the author of this product. We’re building a service that lets you launch your own referral system in just 60 seconds — directly inside Telegram — and accept crypto payments in TON. Simple, transparent, and designed for real growth.

🚀 Join our program and learn more about our Web3 product here: http://t.me/fabricbotbot

Twitter (X): https://x.com/kirillfbc
Telegram channel: https://t.me/kirilldigitalshamanism
Direct contact: https://t.me/kirbudilov

Our channel is dedicated to Web3, Telegram technologies, AI agents, and future digital ecosystems. I’m an active part of the TON community, and here I share insights, experiments, and practical tools that combine blockchain with artificial intelligence to build the next generation of applications.

My automation templates and workflow here: https://tr.ee/GIrtJf

I am also growing my YouTube channel with the help of https://trendvi.media — check it out for even more content

#AI #Telegram #Web3 #TON #Blockchain",2025-11-19T14:11:12Z,UChfXAY6jz5VoOVXrr88xsPg,FABRICBOT ECOSYSTEM,telegram | telegram bot | tg bot | telegram automation | telegram app | telegram mini app | tg mini app | ai | ai agent | ai agents | ai automation | ai bot | aibot | chatgpt | automation | web3 | saas | application | ton | toncoin | telegram crypto | crypto | blockchain | startup | digitalbusiness | nocode telegram | nocode bot | make.com | fabricbot,22,en,en,https://i.ytimg.com/vi/HCZMoH98ecc/maxresdefault.jpg,PT4M48S,hd,false,False,58,3,0,1,,public,processed,True,True,https://www.youtube.com/watch?v=HCZMoH98ecc
mRrlzQVO63s,TELEGRAM ON AUTOPILOT - AI BUILD CHANNEL FOR YOU IN 5 MINUTES,"In this video, I’ll show you how to automate a Telegram channel with AI in just 300 seconds. No more wasting hours on writing posts, searching for content, or designing images — everything runs on autopilot. With just a few simple steps, you can set up a bot that posts daily content, generates images, pulls ideas from Notion or Airtable, and even rewrites competitor news in your own style.

👋 Welcome to FABRICBOT — I’m the author of this product. We’re building a service that lets you launch your own referral system in just 60 seconds — directly inside Telegram — and accept crypto payments in TON. Simple, transparent, and designed for real growth.

🚀 Join our program and learn more about our Web3 product here: http://t.me/fabricbotbot

Our channel is dedicated to Web3, Telegram technologies, AI agents, and future digital ecosystems. I’m an active part of the TON community, and here I share insights, experiments, and practical tools that combine blockchain with artificial intelligence to build the next generation of applications.My automation templates and workflow here: https://tr.ee/GIrtJf
I am also growing my YouTube channel with the help of https://trendvi.media — check it out for even more content
Twitter (X): https://x.com/kirbudilov?s=21
Telegram channel: https://t.me/kirilldigitalshamanism
Direct contact: https://t.me/kirbudilov

#AI #Telegram #Web3 #TON #Blockchain",2025-10-11T04:12:56Z,UChfXAY6jz5VoOVXrr88xsPg,FABRICBOT ECOSYSTEM,telegram | ai agent | ai | telegram mini app | saas | application | web-3 | ton | toncoin | telegram crypto | tg bot | telegram bot | telegram app | telegram automation | tg mini app | ai bot | aibot | chatgpt | ai agents | web3 | automation | ai automation | fabricbot | fbccoin | crypto | blockchain | startup | digitalbusiness | make.com | telegram ton | bot in telegram | nocode bot | nocode telegram | channel automation | tg ai | telegram ai | pavel durov,22,en,en,https://i.ytimg.com/vi/mRrlzQVO63s/maxresdefault.jpg,PT5M1S,hd,false,False,34,1,0,2,,public,processed,True,True,https://www.youtube.com/watch?v=mRrlzQVO63s
JDeQhKMHnpw,AI PROJECT MANAGER ON TELEGRAM — BUILT IN 5 MINUTES,"In this video, I’ll show you how to create an AI Project Manager inside Telegram in just 300 seconds. Imagine having a smart assistant that organizes tasks, tracks progress, and helps manage your workflow — all without coding, complex tools, or expensive software. With this fast and simple setup, you’ll see how anyone can launch a powerful AI-driven project manager directly in Telegram, making productivity and collaboration easier than ever.

👋 Welcome to FABRICBOT — I’m the author of this product. We’re building a service that lets you launch your own referral system in just 60 seconds — directly inside Telegram — and accept crypto payments in TON. Simple, transparent, and designed for real growth.

🚀 Join our program and learn more about our Web3 product here: http://t.me/fabricbotbot

Our channel is dedicated to Web3, Telegram technologies, AI agents, and future digital ecosystems. I’m an active part of the TON community, and here I share insights, experiments, and practical tools that combine blockchain with artificial intelligence to build the next generation of applications.My automation templates and workflow here: https://tr.ee/GIrtJf
I am also growing my YouTube channel with the help of https://trendvi.media — check it out for even more content
Twitter (X): https://x.com/kirbudilov?s=21
Telegram channel: https://t.me/kirilldigitalshamanism
Direct contact: https://t.me/kirbudilov

#AI #Telegram #Web3 #TON #Blockchain",2025-10-11T04:05:48Z,UChfXAY6jz5VoOVXrr88xsPg,FABRICBOT ECOSYSTEM,telegram | ai agent | ai | telegram mini app | saas | application | web-3 | ton | toncoin | telegram crypto | tg bot | telegram bot | telegram app | telegram automation | tg mini app | ai bot | aibot | chatgpt | ai agents | web3 | automation | ai automation | fabricbot | fbccoin | crypto | blockchain | startup | digitalbusiness | make.com | telegram ton | bot in telegram | nocode bot | nocode telegram | telegram channel | tg automation | autocontent | ai telegram | telegram ai | pavel durov,22,en,en,https://i.ytimg.com/vi/JDeQhKMHnpw/maxresdefault.jpg,PT4M49S,hd,false,False,29,1,0,2,,public,processed,True,True,https://www.youtube.com/watch?v=JDeQhKMHnpw
3OeUGX7nK48,FROM ZERO TO AI TELEGRAM APP IN 5 MINUTES AND ONLY $20,"In this video, I’ll show you how to go FROM ZERO TO A FULLY FUNCTIONAL AI TELEGRAM APP IN JUST 5 MINUTES — FOR ONLY $20. You’ll discover how simple it is to launch your own AI solution inside Telegram without coding, heavy budgets, or complex setups. This fast-track approach makes it possible for anyone — from beginners to tech enthusiasts — to build, test, and scale AI-powered tools directly in the world’s most dynamic messenger.

👋 Welcome to FABRICBOT — I’m the author of this product. We’re building a service that lets you launch your own referral system in just 60 seconds — directly inside Telegram — and accept crypto payments in TON. Simple, transparent, and designed for real growth. 

🚀 Join our program and learn more about our Web3 product here: http://t.me/fabricbotbot

Our channel is dedicated to Web3, Telegram technologies, AI agents, and future digital ecosystems. I’m an active part of the TON community, and here I share insights, experiments, and practical tools that combine blockchain with artificial intelligence to build the next generation of applications.

My automation templates and workflow here: https://tr.ee/GIrtJf
I am also growing my YouTube channel with the help of https://trendvi.media — check it out for even more content

Twitter (X): https://x.com/kirbudilov?s=21
Telegram channel: https://t.me/kirilldigitalshamanism
Direct contact: https://t.me/kirbudilov

#AI #Telegram #Web3 #TON #Blockchain",2025-10-10T16:30:02Z,UChfXAY6jz5VoOVXrr88xsPg,FABRICBOT ECOSYSTEM,telegram | ai agent | ai | telegram mini app | saas | application | web-3 | ton | toncoin | telegram crypto | tg bot | telegram bot | telegram app | telegram automation | tg mini app | ai bot | aibot | chatgpt | ai agents | web3 | automation | ai automation | fabricbot | fbccoin | crypto | blockchain | startup | digitalbusiness | make.com | telegram ton | bot in telegram | nocode bot | nocode telegram,22,en,en,https://i.ytimg.com/vi/3OeUGX7nK48/maxresdefault.jpg,PT4M54S,hd,false,False,459,7,0,4,,public,processed,True,True,https://www.youtube.com/watch?v=3OeUGX7nK48
0LK4u-YnmU4,YOUR OWN AI-POWERED TELEGRAM BOT ONLY FOR 5 MINUTES,"In this video, I’ll show you how to build a fully functional AI-powered Telegram bot in just 300 seconds. You’ll see how easy it is to launch intelligent solutions inside Telegram without coding, heavy investments, or complex infrastructure. This quick-start approach opens the door to experimenting with artificial intelligence for business, productivity, and creativity — all from your phone or laptop. Whether you are a beginner or already exploring AI tools, this demo will give you a clear, practical example of how fast and affordable it can be.

👋 Welcome to FABRICBOT — I’m the author of this product. We’re building a service that lets you launch your own referral system in just 60 seconds — directly inside Telegram — and accept crypto payments in TON. Simple, transparent, and designed for real growth.

🚀 Join our program and learn more about our Web3 product here: http://t.me/fabricbotbot

Our channel is dedicated to Web3, Telegram technologies, AI agents, and future digital ecosystems. I’m an active part of the TON community, and here I share insights, experiments, and practical tools that combine blockchain with artificial intelligence to build the next generation of applications.My automation templates and workflow here: https://tr.ee/GIrtJf
I am also growing my YouTube channel with the help of https://trendvi.media — check it out for even more content
Twitter (X): https://x.com/kirbudilov?s=21
Telegram channel: https://t.me/kirilldigitalshamanism
Direct contact: https://t.me/kirbudilov

#AI #Telegram #Web3 #TON #Blockchain",2025-10-10T16:00:01Z,UChfXAY6jz5VoOVXrr88xsPg,FABRICBOT ECOSYSTEM,telegram | tg bot | telegram bot | telegram app | telegram automation | telegram mini app | tg mini app | ai | ai bot | aibot | chatgpt | ai agents | web3 | automation | ai automation | fabricbot | fbccoin | crypto | ton | toncoin | blockchain | startup | digitalbusiness | make.com | telegram ton | bot in telegram | nocode bot | nocode telegram,22,en,en,https://i.ytimg.com/vi/0LK4u-YnmU4/maxresdefault.jpg,PT4M59S,hd,false,False,26,2,0,2,,public,processed,True,True,https://www.youtube.com/watch?v=0LK4u-YnmU4
